,alpha,train_score,test_score,n_feat,runtime,monkey,date,n_images_total,n_units_total
0,"[10000. 10000. 10000. 10000. 10000. 10000. 10000. 10000. 10000. 10000.
 10000. 10000. 10000. 10000. 10000. 10000. 10000. 10000. 10000. 10000.
 10000. 10000. 10000. 10000. 10000. 10000. 10000. 10000. 10000. 10000.
 10000. 10000. 10000. 10000. 10000. 10000. 10000. 10000. 10000. 10000.
 10000. 10000. 10000. 10000. 10000. 10000. 10000. 10000. 10000. 10000.
 10000. 10000. 10000. 10000. 10000. 10000. 10000. 10000. 10000. 10000.
 10000. 10000. 10000. 10000. 10000. 10000. 10000. 10000. 10000. 10000.
 10000. 10000. 10000. 10000. 10000. 10000. 10000. 10000. 10000. 10000.
 10000. 10000. 10000. 10000. 10000. 10000. 10000. 10000. 10000. 10000.
 10000. 10000. 10000. 10000. 10000. 10000. 10000. 10000. 10000. 10000.
 10000. 10000. 10000. 10000. 10000. 10000. 10000. 10000. 10000. 10000.
 10000. 10000. 10000. 10000. 10000. 10000. 10000. 10000. 10000. 10000.
 10000. 10000. 10000. 10000. 10000. 10000. 10000. 10000. 10000. 10000.
 10000. 10000. 10000. 10000. 10000. 10000. 10000. 10000. 10000. 10000.
 10000. 10000. 10000. 10000. 10000. 10000. 10000. 10000. 10000. 10000.
 10000. 10000. 10000. 10000. 10000. 10000. 10000. 10000. 10000. 10000.
 10000. 10000. 10000. 10000. 10000. 10000. 10000. 10000. 10000. 10000.
 10000. 10000. 10000. 10000. 10000. 10000. 10000. 10000. 10000. 10000.
 10000. 10000. 10000. 10000. 10000. 10000. 10000. 10000. 10000. 10000.
 10000. 10000. 10000. 10000. 10000. 10000. 10000. 10000. 10000. 10000.
 10000. 10000. 10000. 10000. 10000. 10000. 10000. 10000. 10000. 10000.
 10000. 10000. 10000. 10000. 10000. 10000. 10000. 10000. 10000. 10000.
 10000. 10000. 10000. 10000. 10000. 10000. 10000. 10000. 10000. 10000.
 10000. 10000. 10000. 10000. 10000. 10000. 10000. 10000. 10000. 10000.
 10000. 10000. 10000. 10000. 10000. 10000. 10000. 10000. 10000. 10000.]",0.055859760638240274,-0.02678988024435629,64,0.029546260833740234,JianJian,240709,1072,250
1,"[10000. 10000. 10000. 10000. 10000. 10000. 10000. 10000. 10000. 10000.
 10000. 10000. 10000. 10000. 10000. 10000. 10000. 10000. 10000. 10000.
 10000. 10000. 10000. 10000. 10000. 10000. 10000. 10000. 10000. 10000.
 10000. 10000. 10000. 10000. 10000. 10000. 10000. 10000. 10000. 10000.
 10000. 10000. 10000. 10000. 10000. 10000. 10000. 10000. 10000. 10000.
 10000. 10000. 10000. 10000. 10000. 10000. 10000. 10000. 10000. 10000.
 10000. 10000. 10000. 10000. 10000. 10000. 10000. 10000. 10000. 10000.
 10000. 10000. 10000. 10000. 10000. 10000. 10000. 10000. 10000. 10000.
 10000. 10000. 10000. 10000. 10000. 10000. 10000. 10000. 10000. 10000.
 10000. 10000. 10000. 10000. 10000. 10000. 10000. 10000. 10000. 10000.
 10000. 10000. 10000. 10000. 10000. 10000. 10000. 10000. 10000. 10000.
 10000. 10000. 10000. 10000. 10000. 10000. 10000. 10000. 10000. 10000.
 10000. 10000. 10000. 10000. 10000. 10000. 10000. 10000. 10000. 10000.
 10000. 10000. 10000. 10000. 10000. 10000. 10000. 10000. 10000. 10000.
 10000. 10000. 10000. 10000. 10000. 10000. 10000. 10000. 10000. 10000.
 10000. 10000. 10000. 10000. 10000. 10000. 10000. 10000. 10000. 10000.
 10000. 10000. 10000. 10000. 10000. 10000. 10000. 10000. 10000. 10000.
 10000. 10000. 10000. 10000. 10000. 10000. 10000. 10000. 10000. 10000.
 10000. 10000. 10000. 10000. 10000. 10000. 10000. 10000. 10000. 10000.
 10000. 10000. 10000. 10000. 10000. 10000. 10000. 10000. 10000. 10000.
 10000. 10000. 10000. 10000. 10000. 10000. 10000. 10000. 10000. 10000.
 10000. 10000. 10000. 10000. 10000. 10000. 10000. 10000. 10000. 10000.
 10000. 10000. 10000. 10000. 10000. 10000. 10000. 10000. 10000. 10000.
 10000. 10000. 10000. 10000. 10000. 10000. 10000. 10000. 10000. 10000.
 10000. 10000. 10000. 10000. 10000. 10000. 10000. 10000. 10000. 10000.]",0.07829504847304393,-0.031153989160058685,128,0.03838300704956055,JianJian,240709,1072,250
2,"[10000. 10000. 10000. 10000. 10000. 10000. 10000. 10000. 10000. 10000.
 10000. 10000. 10000. 10000. 10000. 10000. 10000. 10000. 10000. 10000.
 10000. 10000. 10000. 10000. 10000. 10000. 10000. 10000. 10000. 10000.
 10000. 10000. 10000. 10000. 10000. 10000. 10000. 10000. 10000. 10000.
 10000. 10000. 10000. 10000. 10000. 10000. 10000. 10000. 10000. 10000.
 10000. 10000. 10000. 10000. 10000. 10000. 10000. 10000. 10000. 10000.
 10000. 10000. 10000. 10000. 10000. 10000. 10000. 10000. 10000. 10000.
 10000. 10000. 10000. 10000. 10000. 10000. 10000. 10000. 10000. 10000.
 10000. 10000. 10000. 10000. 10000. 10000. 10000. 10000. 10000. 10000.
 10000. 10000. 10000. 10000. 10000. 10000. 10000. 10000. 10000. 10000.
 10000. 10000. 10000. 10000. 10000. 10000. 10000. 10000. 10000. 10000.
 10000. 10000. 10000. 10000. 10000. 10000. 10000. 10000. 10000. 10000.
 10000. 10000. 10000. 10000. 10000. 10000. 10000. 10000. 10000. 10000.
 10000. 10000. 10000. 10000. 10000. 10000. 10000. 10000. 10000. 10000.
 10000. 10000. 10000. 10000. 10000. 10000. 10000. 10000. 10000. 10000.
 10000. 10000. 10000. 10000. 10000. 10000. 10000. 10000. 10000. 10000.
 10000. 10000. 10000. 10000. 10000. 10000. 10000. 10000. 10000. 10000.
 10000. 10000. 10000. 10000. 10000. 10000. 10000. 10000. 10000. 10000.
 10000. 10000. 10000. 10000. 10000. 10000. 10000. 10000. 10000. 10000.
 10000. 10000. 10000. 10000. 10000. 10000. 10000. 10000. 10000. 10000.
 10000. 10000. 10000. 10000. 10000. 10000. 10000. 10000. 10000. 10000.
 10000. 10000. 10000. 10000. 10000. 10000. 10000. 10000. 10000. 10000.
 10000. 10000. 10000. 10000. 10000. 10000. 10000. 10000. 10000. 10000.
 10000. 10000. 10000. 10000. 10000. 10000. 10000. 10000. 10000. 10000.
 10000. 10000. 10000. 10000. 10000. 10000. 10000. 10000. 10000. 10000.]",0.07832962900047111,-0.031153010465668304,256,0.06922078132629395,JianJian,240709,1072,250
3,"[10000. 10000. 10000. 10000. 10000. 10000. 10000. 10000. 10000. 10000.
 10000. 10000. 10000. 10000. 10000. 10000. 10000. 10000. 10000. 10000.
 10000. 10000. 10000. 10000. 10000. 10000. 10000. 10000. 10000. 10000.
 10000. 10000. 10000. 10000. 10000. 10000. 10000. 10000. 10000. 10000.
 10000. 10000. 10000. 10000. 10000. 10000. 10000. 10000. 10000. 10000.
 10000. 10000. 10000. 10000. 10000. 10000. 10000. 10000. 10000. 10000.
 10000. 10000. 10000. 10000. 10000. 10000. 10000. 10000. 10000. 10000.
 10000. 10000. 10000. 10000. 10000. 10000. 10000. 10000. 10000. 10000.
 10000. 10000. 10000. 10000. 10000. 10000. 10000. 10000. 10000. 10000.
 10000. 10000. 10000. 10000. 10000. 10000. 10000. 10000. 10000. 10000.
 10000. 10000. 10000. 10000. 10000. 10000. 10000. 10000. 10000. 10000.
 10000. 10000. 10000. 10000. 10000. 10000. 10000. 10000. 10000. 10000.
 10000. 10000. 10000. 10000. 10000. 10000. 10000. 10000. 10000. 10000.
 10000. 10000. 10000. 10000. 10000. 10000. 10000. 10000. 10000. 10000.
 10000. 10000. 10000. 10000. 10000. 10000. 10000. 10000. 10000. 10000.
 10000. 10000. 10000. 10000. 10000. 10000. 10000. 10000. 10000. 10000.
 10000. 10000. 10000. 10000. 10000. 10000. 10000. 10000. 10000. 10000.
 10000. 10000. 10000. 10000. 10000. 10000. 10000. 10000. 10000. 10000.
 10000. 10000. 10000. 10000. 10000. 10000. 10000. 10000. 10000. 10000.
 10000. 10000. 10000. 10000. 10000. 10000. 10000. 10000. 10000. 10000.
 10000. 10000. 10000. 10000. 10000. 10000. 10000. 10000. 10000. 10000.
 10000. 10000. 10000. 10000. 10000. 10000. 10000. 10000. 10000. 10000.
 10000. 10000. 10000. 10000. 10000. 10000. 10000. 10000. 10000. 10000.
 10000. 10000. 10000. 10000. 10000. 10000. 10000. 10000. 10000. 10000.
 10000. 10000. 10000. 10000. 10000. 10000. 10000. 10000. 10000. 10000.]",0.07838179796155227,-0.031151375228613967,1024,0.2727363109588623,JianJian,240709,1072,250
4,"[10000. 10000. 10000. 10000. 10000. 10000. 10000. 10000. 10000. 10000.
 10000. 10000. 10000. 10000. 10000. 10000. 10000. 10000. 10000. 10000.
 10000. 10000. 10000. 10000. 10000. 10000. 10000. 10000. 10000. 10000.
 10000. 10000. 10000. 10000. 10000. 10000. 10000. 10000. 10000. 10000.
 10000. 10000. 10000. 10000. 10000. 10000. 10000. 10000. 10000. 10000.
 10000. 10000. 10000. 10000. 10000. 10000. 10000. 10000. 10000. 10000.
 10000. 10000. 10000. 10000. 10000. 10000. 10000. 10000. 10000. 10000.
 10000. 10000. 10000. 10000. 10000. 10000. 10000. 10000. 10000. 10000.
 10000. 10000. 10000. 10000. 10000. 10000. 10000. 10000. 10000. 10000.
 10000. 10000. 10000. 10000. 10000. 10000. 10000. 10000. 10000. 10000.
 10000. 10000. 10000. 10000. 10000. 10000. 10000. 10000. 10000. 10000.
 10000. 10000. 10000. 10000. 10000. 10000. 10000. 10000. 10000. 10000.
 10000. 10000. 10000. 10000. 10000. 10000. 10000. 10000. 10000. 10000.
 10000. 10000. 10000. 10000. 10000. 10000. 10000. 10000. 10000. 10000.
 10000. 10000. 10000. 10000. 10000. 10000. 10000. 10000. 10000. 10000.
 10000. 10000. 10000. 10000. 10000. 10000. 10000. 10000. 10000. 10000.
 10000. 10000. 10000. 10000. 10000. 10000. 10000. 10000. 10000. 10000.
 10000. 10000. 10000. 10000. 10000. 10000. 10000. 10000. 10000. 10000.
 10000. 10000. 10000. 10000. 10000. 10000. 10000. 10000. 10000. 10000.
 10000. 10000. 10000. 10000. 10000. 10000. 10000. 10000. 10000. 10000.
 10000. 10000. 10000. 10000. 10000. 10000. 10000. 10000. 10000. 10000.
 10000. 10000. 10000. 10000. 10000. 10000. 10000. 10000. 10000. 10000.
 10000. 10000. 10000. 10000. 10000. 10000. 10000. 10000. 10000. 10000.
 10000. 10000. 10000. 10000. 10000. 10000. 10000. 10000. 10000. 10000.
 10000. 10000. 10000. 10000. 10000. 10000. 10000. 10000. 10000. 10000.]",0.05696473068990289,-0.025297704746304193,64,0.029326915740966797,FaCai,240720,1072,250
5,"[10000. 10000. 10000. 10000. 10000. 10000. 10000. 10000. 10000. 10000.
 10000. 10000. 10000. 10000. 10000. 10000. 10000. 10000. 10000. 10000.
 10000. 10000. 10000. 10000. 10000. 10000. 10000. 10000. 10000. 10000.
 10000. 10000. 10000. 10000. 10000. 10000. 10000. 10000. 10000. 10000.
 10000. 10000. 10000. 10000. 10000. 10000. 10000. 10000. 10000. 10000.
 10000. 10000. 10000. 10000. 10000. 10000. 10000. 10000. 10000. 10000.
 10000. 10000. 10000. 10000. 10000. 10000. 10000. 10000. 10000. 10000.
 10000. 10000. 10000. 10000. 10000. 10000. 10000. 10000. 10000. 10000.
 10000. 10000. 10000. 10000. 10000. 10000. 10000. 10000. 10000. 10000.
 10000. 10000. 10000. 10000. 10000. 10000. 10000. 10000. 10000. 10000.
 10000. 10000. 10000. 10000. 10000. 10000. 10000. 10000. 10000. 10000.
 10000. 10000. 10000. 10000. 10000. 10000. 10000. 10000. 10000. 10000.
 10000. 10000. 10000. 10000. 10000. 10000. 10000. 10000. 10000. 10000.
 10000. 10000. 10000. 10000. 10000. 10000. 10000. 10000. 10000. 10000.
 10000. 10000. 10000. 10000. 10000. 10000. 10000. 10000. 10000. 10000.
 10000. 10000. 10000. 10000. 10000. 10000. 10000. 10000. 10000. 10000.
 10000. 10000. 10000. 10000. 10000. 10000. 10000. 10000. 10000. 10000.
 10000. 10000. 10000. 10000. 10000. 10000. 10000. 10000. 10000. 10000.
 10000. 10000. 10000. 10000. 10000. 10000. 10000. 10000. 10000. 10000.
 10000. 10000. 10000. 10000. 10000. 10000. 10000. 10000. 10000. 10000.
 10000. 10000. 10000. 10000. 10000. 10000. 10000. 10000. 10000. 10000.
 10000. 10000. 10000. 10000. 10000. 10000. 10000. 10000. 10000. 10000.
 10000. 10000. 10000. 10000. 10000. 10000. 10000. 10000. 10000. 10000.
 10000. 10000. 10000. 10000. 10000. 10000. 10000. 10000. 10000. 10000.
 10000. 10000. 10000. 10000. 10000. 10000. 10000. 10000. 10000. 10000.]",0.07884388912562454,-0.03002199522159756,128,0.03873729705810547,FaCai,240720,1072,250
6,"[10000. 10000. 10000. 10000. 10000. 10000. 10000. 10000. 10000. 10000.
 10000. 10000. 10000. 10000. 10000. 10000. 10000. 10000. 10000. 10000.
 10000. 10000. 10000. 10000. 10000. 10000. 10000. 10000. 10000. 10000.
 10000. 10000. 10000. 10000. 10000. 10000. 10000. 10000. 10000. 10000.
 10000. 10000. 10000. 10000. 10000. 10000. 10000. 10000. 10000. 10000.
 10000. 10000. 10000. 10000. 10000. 10000. 10000. 10000. 10000. 10000.
 10000. 10000. 10000. 10000. 10000. 10000. 10000. 10000. 10000. 10000.
 10000. 10000. 10000. 10000. 10000. 10000. 10000. 10000. 10000. 10000.
 10000. 10000. 10000. 10000. 10000. 10000. 10000. 10000. 10000. 10000.
 10000. 10000. 10000. 10000. 10000. 10000. 10000. 10000. 10000. 10000.
 10000. 10000. 10000. 10000. 10000. 10000. 10000. 10000. 10000. 10000.
 10000. 10000. 10000. 10000. 10000. 10000. 10000. 10000. 10000. 10000.
 10000. 10000. 10000. 10000. 10000. 10000. 10000. 10000. 10000. 10000.
 10000. 10000. 10000. 10000. 10000. 10000. 10000. 10000. 10000. 10000.
 10000. 10000. 10000. 10000. 10000. 10000. 10000. 10000. 10000. 10000.
 10000. 10000. 10000. 10000. 10000. 10000. 10000. 10000. 10000. 10000.
 10000. 10000. 10000. 10000. 10000. 10000. 10000. 10000. 10000. 10000.
 10000. 10000. 10000. 10000. 10000. 10000. 10000. 10000. 10000. 10000.
 10000. 10000. 10000. 10000. 10000. 10000. 10000. 10000. 10000. 10000.
 10000. 10000. 10000. 10000. 10000. 10000. 10000. 10000. 10000. 10000.
 10000. 10000. 10000. 10000. 10000. 10000. 10000. 10000. 10000. 10000.
 10000. 10000. 10000. 10000. 10000. 10000. 10000. 10000. 10000. 10000.
 10000. 10000. 10000. 10000. 10000. 10000. 10000. 10000. 10000. 10000.
 10000. 10000. 10000. 10000. 10000. 10000. 10000. 10000. 10000. 10000.
 10000. 10000. 10000. 10000. 10000. 10000. 10000. 10000. 10000. 10000.]",0.07887868581755189,-0.030020553185052583,256,0.07174229621887207,FaCai,240720,1072,250
7,"[10000. 10000. 10000. 10000. 10000. 10000. 10000. 10000. 10000. 10000.
 10000. 10000. 10000. 10000. 10000. 10000. 10000. 10000. 10000. 10000.
 10000. 10000. 10000. 10000. 10000. 10000. 10000. 10000. 10000. 10000.
 10000. 10000. 10000. 10000. 10000. 10000. 10000. 10000. 10000. 10000.
 10000. 10000. 10000. 10000. 10000. 10000. 10000. 10000. 10000. 10000.
 10000. 10000. 10000. 10000. 10000. 10000. 10000. 10000. 10000. 10000.
 10000. 10000. 10000. 10000. 10000. 10000. 10000. 10000. 10000. 10000.
 10000. 10000. 10000. 10000. 10000. 10000. 10000. 10000. 10000. 10000.
 10000. 10000. 10000. 10000. 10000. 10000. 10000. 10000. 10000. 10000.
 10000. 10000. 10000. 10000. 10000. 10000. 10000. 10000. 10000. 10000.
 10000. 10000. 10000. 10000. 10000. 10000. 10000. 10000. 10000. 10000.
 10000. 10000. 10000. 10000. 10000. 10000. 10000. 10000. 10000. 10000.
 10000. 10000. 10000. 10000. 10000. 10000. 10000. 10000. 10000. 10000.
 10000. 10000. 10000. 10000. 10000. 10000. 10000. 10000. 10000. 10000.
 10000. 10000. 10000. 10000. 10000. 10000. 10000. 10000. 10000. 10000.
 10000. 10000. 10000. 10000. 10000. 10000. 10000. 10000. 10000. 10000.
 10000. 10000. 10000. 10000. 10000. 10000. 10000. 10000. 10000. 10000.
 10000. 10000. 10000. 10000. 10000. 10000. 10000. 10000. 10000. 10000.
 10000. 10000. 10000. 10000. 10000. 10000. 10000. 10000. 10000. 10000.
 10000. 10000. 10000. 10000. 10000. 10000. 10000. 10000. 10000. 10000.
 10000. 10000. 10000. 10000. 10000. 10000. 10000. 10000. 10000. 10000.
 10000. 10000. 10000. 10000. 10000. 10000. 10000. 10000. 10000. 10000.
 10000. 10000. 10000. 10000. 10000. 10000. 10000. 10000. 10000. 10000.
 10000. 10000. 10000. 10000. 10000. 10000. 10000. 10000. 10000. 10000.
 10000. 10000. 10000. 10000. 10000. 10000. 10000. 10000. 10000. 10000.]",0.07893079451598049,-0.030019236323236678,1024,0.2718808650970459,FaCai,240720,1072,250
8,"[10000. 10000. 10000. 10000. 10000. 10000. 10000. 10000. 10000. 10000.
 10000. 10000. 10000. 10000. 10000. 10000. 10000. 10000. 10000. 10000.
 10000. 10000. 10000. 10000. 10000. 10000. 10000. 10000. 10000. 10000.
 10000. 10000. 10000. 10000. 10000. 10000. 10000. 10000. 10000. 10000.
 10000. 10000. 10000. 10000. 10000. 10000. 10000. 10000. 10000. 10000.
 10000. 10000. 10000. 10000. 10000. 10000. 10000. 10000. 10000. 10000.
 10000. 10000. 10000. 10000. 10000. 10000. 10000. 10000. 10000. 10000.
 10000. 10000. 10000. 10000. 10000. 10000. 10000. 10000. 10000. 10000.
 10000. 10000. 10000. 10000. 10000. 10000. 10000. 10000. 10000. 10000.
 10000. 10000. 10000. 10000. 10000. 10000. 10000. 10000. 10000. 10000.
 10000. 10000. 10000. 10000. 10000. 10000. 10000. 10000. 10000. 10000.
 10000. 10000. 10000. 10000. 10000. 10000. 10000. 10000. 10000. 10000.
 10000. 10000. 10000. 10000. 10000. 10000. 10000. 10000. 10000. 10000.
 10000. 10000. 10000. 10000. 10000. 10000. 10000. 10000. 10000. 10000.
 10000. 10000. 10000. 10000. 10000. 10000. 10000. 10000. 10000. 10000.
 10000. 10000. 10000. 10000. 10000. 10000. 10000. 10000. 10000. 10000.
 10000. 10000. 10000. 10000. 10000. 10000. 10000. 10000. 10000. 10000.
 10000. 10000. 10000. 10000. 10000. 10000. 10000. 10000. 10000. 10000.
 10000. 10000. 10000. 10000. 10000. 10000. 10000. 10000. 10000. 10000.
 10000. 10000. 10000. 10000. 10000. 10000. 10000. 10000. 10000. 10000.
 10000. 10000. 10000. 10000. 10000. 10000. 10000. 10000. 10000. 10000.
 10000. 10000. 10000. 10000. 10000. 10000. 10000. 10000. 10000. 10000.
 10000. 10000. 10000. 10000. 10000. 10000. 10000. 10000. 10000. 10000.
 10000. 10000. 10000. 10000. 10000. 10000. 10000. 10000. 10000. 10000.
 10000. 10000. 10000. 10000. 10000. 10000. 10000. 10000. 10000. 10000.]",0.05756429496437091,-0.025423299912902153,64,0.028534650802612305,TuTu,240724,1072,250
9,"[10000. 10000. 10000. 10000. 10000. 10000. 10000. 10000. 10000. 10000.
 10000. 10000. 10000. 10000. 10000. 10000. 10000. 10000. 10000. 10000.
 10000. 10000. 10000. 10000. 10000. 10000. 10000. 10000. 10000. 10000.
 10000. 10000. 10000. 10000. 10000. 10000. 10000. 10000. 10000. 10000.
 10000. 10000. 10000. 10000. 10000. 10000. 10000. 10000. 10000. 10000.
 10000. 10000. 10000. 10000. 10000. 10000. 10000. 10000. 10000. 10000.
 10000. 10000. 10000. 10000. 10000. 10000. 10000. 10000. 10000. 10000.
 10000. 10000. 10000. 10000. 10000. 10000. 10000. 10000. 10000. 10000.
 10000. 10000. 10000. 10000. 10000. 10000. 10000. 10000. 10000. 10000.
 10000. 10000. 10000. 10000. 10000. 10000. 10000. 10000. 10000. 10000.
 10000. 10000. 10000. 10000. 10000. 10000. 10000. 10000. 10000. 10000.
 10000. 10000. 10000. 10000. 10000. 10000. 10000. 10000. 10000. 10000.
 10000. 10000. 10000. 10000. 10000. 10000. 10000. 10000. 10000. 10000.
 10000. 10000. 10000. 10000. 10000. 10000. 10000. 10000. 10000. 10000.
 10000. 10000. 10000. 10000. 10000. 10000. 10000. 10000. 10000. 10000.
 10000. 10000. 10000. 10000. 10000. 10000. 10000. 10000. 10000. 10000.
 10000. 10000. 10000. 10000. 10000. 10000. 10000. 10000. 10000. 10000.
 10000. 10000. 10000. 10000. 10000. 10000. 10000. 10000. 10000. 10000.
 10000. 10000. 10000. 10000. 10000. 10000. 10000. 10000. 10000. 10000.
 10000. 10000. 10000. 10000. 10000. 10000. 10000. 10000. 10000. 10000.
 10000. 10000. 10000. 10000. 10000. 10000. 10000. 10000. 10000. 10000.
 10000. 10000. 10000. 10000. 10000. 10000. 10000. 10000. 10000. 10000.
 10000. 10000. 10000. 10000. 10000. 10000. 10000. 10000. 10000. 10000.
 10000. 10000. 10000. 10000. 10000. 10000. 10000. 10000. 10000. 10000.
 10000. 10000. 10000. 10000. 10000. 10000. 10000. 10000. 10000. 10000.]",0.07925669313083882,-0.030552766604588732,128,0.03913283348083496,TuTu,240724,1072,250
10,"[10000. 10000. 10000. 10000. 10000. 10000. 10000. 10000. 10000. 10000.
 10000. 10000. 10000. 10000. 10000. 10000. 10000. 10000. 10000. 10000.
 10000. 10000. 10000. 10000. 10000. 10000. 10000. 10000. 10000. 10000.
 10000. 10000. 10000. 10000. 10000. 10000. 10000. 10000. 10000. 10000.
 10000. 10000. 10000. 10000. 10000. 10000. 10000. 10000. 10000. 10000.
 10000. 10000. 10000. 10000. 10000. 10000. 10000. 10000. 10000. 10000.
 10000. 10000. 10000. 10000. 10000. 10000. 10000. 10000. 10000. 10000.
 10000. 10000. 10000. 10000. 10000. 10000. 10000. 10000. 10000. 10000.
 10000. 10000. 10000. 10000. 10000. 10000. 10000. 10000. 10000. 10000.
 10000. 10000. 10000. 10000. 10000. 10000. 10000. 10000. 10000. 10000.
 10000. 10000. 10000. 10000. 10000. 10000. 10000. 10000. 10000. 10000.
 10000. 10000. 10000. 10000. 10000. 10000. 10000. 10000. 10000. 10000.
 10000. 10000. 10000. 10000. 10000. 10000. 10000. 10000. 10000. 10000.
 10000. 10000. 10000. 10000. 10000. 10000. 10000. 10000. 10000. 10000.
 10000. 10000. 10000. 10000. 10000. 10000. 10000. 10000. 10000. 10000.
 10000. 10000. 10000. 10000. 10000. 10000. 10000. 10000. 10000. 10000.
 10000. 10000. 10000. 10000. 10000. 10000. 10000. 10000. 10000. 10000.
 10000. 10000. 10000. 10000. 10000. 10000. 10000. 10000. 10000. 10000.
 10000. 10000. 10000. 10000. 10000. 10000. 10000. 10000. 10000. 10000.
 10000. 10000. 10000. 10000. 10000. 10000. 10000. 10000. 10000. 10000.
 10000. 10000. 10000. 10000. 10000. 10000. 10000. 10000. 10000. 10000.
 10000. 10000. 10000. 10000. 10000. 10000. 10000. 10000. 10000. 10000.
 10000. 10000. 10000. 10000. 10000. 10000. 10000. 10000. 10000. 10000.
 10000. 10000. 10000. 10000. 10000. 10000. 10000. 10000. 10000. 10000.
 10000. 10000. 10000. 10000. 10000. 10000. 10000. 10000. 10000. 10000.]",0.07929267533067202,-0.030552485935821095,256,0.07213783264160156,TuTu,240724,1072,250
11,"[10000. 10000. 10000. 10000. 10000. 10000. 10000. 10000. 10000. 10000.
 10000. 10000. 10000. 10000. 10000. 10000. 10000. 10000. 10000. 10000.
 10000. 10000. 10000. 10000. 10000. 10000. 10000. 10000. 10000. 10000.
 10000. 10000. 10000. 10000. 10000. 10000. 10000. 10000. 10000. 10000.
 10000. 10000. 10000. 10000. 10000. 10000. 10000. 10000. 10000. 10000.
 10000. 10000. 10000. 10000. 10000. 10000. 10000. 10000. 10000. 10000.
 10000. 10000. 10000. 10000. 10000. 10000. 10000. 10000. 10000. 10000.
 10000. 10000. 10000. 10000. 10000. 10000. 10000. 10000. 10000. 10000.
 10000. 10000. 10000. 10000. 10000. 10000. 10000. 10000. 10000. 10000.
 10000. 10000. 10000. 10000. 10000. 10000. 10000. 10000. 10000. 10000.
 10000. 10000. 10000. 10000. 10000. 10000. 10000. 10000. 10000. 10000.
 10000. 10000. 10000. 10000. 10000. 10000. 10000. 10000. 10000. 10000.
 10000. 10000. 10000. 10000. 10000. 10000. 10000. 10000. 10000. 10000.
 10000. 10000. 10000. 10000. 10000. 10000. 10000. 10000. 10000. 10000.
 10000. 10000. 10000. 10000. 10000. 10000. 10000. 10000. 10000. 10000.
 10000. 10000. 10000. 10000. 10000. 10000. 10000. 10000. 10000. 10000.
 10000. 10000. 10000. 10000. 10000. 10000. 10000. 10000. 10000. 10000.
 10000. 10000. 10000. 10000. 10000. 10000. 10000. 10000. 10000. 10000.
 10000. 10000. 10000. 10000. 10000. 10000. 10000. 10000. 10000. 10000.
 10000. 10000. 10000. 10000. 10000. 10000. 10000. 10000. 10000. 10000.
 10000. 10000. 10000. 10000. 10000. 10000. 10000. 10000. 10000. 10000.
 10000. 10000. 10000. 10000. 10000. 10000. 10000. 10000. 10000. 10000.
 10000. 10000. 10000. 10000. 10000. 10000. 10000. 10000. 10000. 10000.
 10000. 10000. 10000. 10000. 10000. 10000. 10000. 10000. 10000. 10000.
 10000. 10000. 10000. 10000. 10000. 10000. 10000. 10000. 10000. 10000.]",0.0793448166928741,-0.030551531183742014,1024,0.27217864990234375,TuTu,240724,1072,250
12,"[10000. 10000. 10000. 10000. 10000. 10000. 10000. 10000. 10000. 10000.
 10000. 10000. 10000. 10000. 10000. 10000. 10000. 10000. 10000. 10000.
 10000. 10000. 10000. 10000. 10000. 10000. 10000. 10000. 10000. 10000.
 10000. 10000. 10000. 10000. 10000. 10000. 10000. 10000. 10000. 10000.
 10000. 10000. 10000. 10000. 10000. 10000. 10000. 10000. 10000. 10000.
 10000. 10000. 10000. 10000. 10000. 10000. 10000. 10000. 10000. 10000.
 10000. 10000. 10000. 10000. 10000. 10000. 10000. 10000. 10000. 10000.
 10000. 10000. 10000. 10000. 10000. 10000. 10000. 10000. 10000. 10000.
 10000. 10000. 10000. 10000. 10000. 10000. 10000. 10000. 10000. 10000.
 10000. 10000. 10000. 10000. 10000. 10000. 10000. 10000. 10000. 10000.
 10000. 10000. 10000. 10000. 10000. 10000. 10000. 10000. 10000. 10000.
 10000. 10000. 10000. 10000. 10000. 10000. 10000. 10000. 10000. 10000.
 10000. 10000. 10000. 10000. 10000. 10000. 10000. 10000. 10000. 10000.
 10000. 10000. 10000. 10000. 10000. 10000. 10000. 10000. 10000. 10000.
 10000. 10000. 10000. 10000. 10000. 10000. 10000. 10000. 10000. 10000.
 10000. 10000. 10000. 10000. 10000. 10000. 10000. 10000. 10000. 10000.
 10000. 10000. 10000. 10000. 10000. 10000. 10000. 10000. 10000. 10000.
 10000. 10000. 10000. 10000. 10000. 10000. 10000. 10000. 10000. 10000.
 10000. 10000. 10000. 10000. 10000. 10000. 10000. 10000. 10000. 10000.
 10000. 10000. 10000. 10000. 10000. 10000. 10000. 10000. 10000. 10000.
 10000. 10000. 10000. 10000. 10000. 10000. 10000. 10000. 10000. 10000.
 10000. 10000. 10000. 10000. 10000. 10000. 10000. 10000. 10000. 10000.
 10000. 10000. 10000. 10000. 10000. 10000. 10000. 10000. 10000. 10000.
 10000. 10000. 10000. 10000. 10000. 10000. 10000. 10000. 10000. 10000.
 10000. 10000. 10000. 10000. 10000. 10000. 10000. 10000. 10000. 10000.]",0.05578521514425628,-0.025142419087036242,64,0.02913355827331543,MaoDan,240815,1072,250
13,"[10000. 10000. 10000. 10000. 10000. 10000. 10000. 10000. 10000. 10000.
 10000. 10000. 10000. 10000. 10000. 10000. 10000. 10000. 10000. 10000.
 10000. 10000. 10000. 10000. 10000. 10000. 10000. 10000. 10000. 10000.
 10000. 10000. 10000. 10000. 10000. 10000. 10000. 10000. 10000. 10000.
 10000. 10000. 10000. 10000. 10000. 10000. 10000. 10000. 10000. 10000.
 10000. 10000. 10000. 10000. 10000. 10000. 10000. 10000. 10000. 10000.
 10000. 10000. 10000. 10000. 10000. 10000. 10000. 10000. 10000. 10000.
 10000. 10000. 10000. 10000. 10000. 10000. 10000. 10000. 10000. 10000.
 10000. 10000. 10000. 10000. 10000. 10000. 10000. 10000. 10000. 10000.
 10000. 10000. 10000. 10000. 10000. 10000. 10000. 10000. 10000. 10000.
 10000. 10000. 10000. 10000. 10000. 10000. 10000. 10000. 10000. 10000.
 10000. 10000. 10000. 10000. 10000. 10000. 10000. 10000. 10000. 10000.
 10000. 10000. 10000. 10000. 10000. 10000. 10000. 10000. 10000. 10000.
 10000. 10000. 10000. 10000. 10000. 10000. 10000. 10000. 10000. 10000.
 10000. 10000. 10000. 10000. 10000. 10000. 10000. 10000. 10000. 10000.
 10000. 10000. 10000. 10000. 10000. 10000. 10000. 10000. 10000. 10000.
 10000. 10000. 10000. 10000. 10000. 10000. 10000. 10000. 10000. 10000.
 10000. 10000. 10000. 10000. 10000. 10000. 10000. 10000. 10000. 10000.
 10000. 10000. 10000. 10000. 10000. 10000. 10000. 10000. 10000. 10000.
 10000. 10000. 10000. 10000. 10000. 10000. 10000. 10000. 10000. 10000.
 10000. 10000. 10000. 10000. 10000. 10000. 10000. 10000. 10000. 10000.
 10000. 10000. 10000. 10000. 10000. 10000. 10000. 10000. 10000. 10000.
 10000. 10000. 10000. 10000. 10000. 10000. 10000. 10000. 10000. 10000.
 10000. 10000. 10000. 10000. 10000. 10000. 10000. 10000. 10000. 10000.
 10000. 10000. 10000. 10000. 10000. 10000. 10000. 10000. 10000. 10000.]",0.07839099010572906,-0.0288943044316504,128,0.03965187072753906,MaoDan,240815,1072,250
14,"[10000. 10000. 10000. 10000. 10000. 10000. 10000. 10000. 10000. 10000.
 10000. 10000. 10000. 10000. 10000. 10000. 10000. 10000. 10000. 10000.
 10000. 10000. 10000. 10000. 10000. 10000. 10000. 10000. 10000. 10000.
 10000. 10000. 10000. 10000. 10000. 10000. 10000. 10000. 10000. 10000.
 10000. 10000. 10000. 10000. 10000. 10000. 10000. 10000. 10000. 10000.
 10000. 10000. 10000. 10000. 10000. 10000. 10000. 10000. 10000. 10000.
 10000. 10000. 10000. 10000. 10000. 10000. 10000. 10000. 10000. 10000.
 10000. 10000. 10000. 10000. 10000. 10000. 10000. 10000. 10000. 10000.
 10000. 10000. 10000. 10000. 10000. 10000. 10000. 10000. 10000. 10000.
 10000. 10000. 10000. 10000. 10000. 10000. 10000. 10000. 10000. 10000.
 10000. 10000. 10000. 10000. 10000. 10000. 10000. 10000. 10000. 10000.
 10000. 10000. 10000. 10000. 10000. 10000. 10000. 10000. 10000. 10000.
 10000. 10000. 10000. 10000. 10000. 10000. 10000. 10000. 10000. 10000.
 10000. 10000. 10000. 10000. 10000. 10000. 10000. 10000. 10000. 10000.
 10000. 10000. 10000. 10000. 10000. 10000. 10000. 10000. 10000. 10000.
 10000. 10000. 10000. 10000. 10000. 10000. 10000. 10000. 10000. 10000.
 10000. 10000. 10000. 10000. 10000. 10000. 10000. 10000. 10000. 10000.
 10000. 10000. 10000. 10000. 10000. 10000. 10000. 10000. 10000. 10000.
 10000. 10000. 10000. 10000. 10000. 10000. 10000. 10000. 10000. 10000.
 10000. 10000. 10000. 10000. 10000. 10000. 10000. 10000. 10000. 10000.
 10000. 10000. 10000. 10000. 10000. 10000. 10000. 10000. 10000. 10000.
 10000. 10000. 10000. 10000. 10000. 10000. 10000. 10000. 10000. 10000.
 10000. 10000. 10000. 10000. 10000. 10000. 10000. 10000. 10000. 10000.
 10000. 10000. 10000. 10000. 10000. 10000. 10000. 10000. 10000. 10000.
 10000. 10000. 10000. 10000. 10000. 10000. 10000. 10000. 10000. 10000.]",0.07842575384711595,-0.028893727400079786,256,0.07143712043762207,MaoDan,240815,1072,250
15,"[10000. 10000. 10000. 10000. 10000. 10000. 10000. 10000. 10000. 10000.
 10000. 10000. 10000. 10000. 10000. 10000. 10000. 10000. 10000. 10000.
 10000. 10000. 10000. 10000. 10000. 10000. 10000. 10000. 10000. 10000.
 10000. 10000. 10000. 10000. 10000. 10000. 10000. 10000. 10000. 10000.
 10000. 10000. 10000. 10000. 10000. 10000. 10000. 10000. 10000. 10000.
 10000. 10000. 10000. 10000. 10000. 10000. 10000. 10000. 10000. 10000.
 10000. 10000. 10000. 10000. 10000. 10000. 10000. 10000. 10000. 10000.
 10000. 10000. 10000. 10000. 10000. 10000. 10000. 10000. 10000. 10000.
 10000. 10000. 10000. 10000. 10000. 10000. 10000. 10000. 10000. 10000.
 10000. 10000. 10000. 10000. 10000. 10000. 10000. 10000. 10000. 10000.
 10000. 10000. 10000. 10000. 10000. 10000. 10000. 10000. 10000. 10000.
 10000. 10000. 10000. 10000. 10000. 10000. 10000. 10000. 10000. 10000.
 10000. 10000. 10000. 10000. 10000. 10000. 10000. 10000. 10000. 10000.
 10000. 10000. 10000. 10000. 10000. 10000. 10000. 10000. 10000. 10000.
 10000. 10000. 10000. 10000. 10000. 10000. 10000. 10000. 10000. 10000.
 10000. 10000. 10000. 10000. 10000. 10000. 10000. 10000. 10000. 10000.
 10000. 10000. 10000. 10000. 10000. 10000. 10000. 10000. 10000. 10000.
 10000. 10000. 10000. 10000. 10000. 10000. 10000. 10000. 10000. 10000.
 10000. 10000. 10000. 10000. 10000. 10000. 10000. 10000. 10000. 10000.
 10000. 10000. 10000. 10000. 10000. 10000. 10000. 10000. 10000. 10000.
 10000. 10000. 10000. 10000. 10000. 10000. 10000. 10000. 10000. 10000.
 10000. 10000. 10000. 10000. 10000. 10000. 10000. 10000. 10000. 10000.
 10000. 10000. 10000. 10000. 10000. 10000. 10000. 10000. 10000. 10000.
 10000. 10000. 10000. 10000. 10000. 10000. 10000. 10000. 10000. 10000.
 10000. 10000. 10000. 10000. 10000. 10000. 10000. 10000. 10000. 10000.]",0.0784779053491272,-0.028892373258039058,1024,0.2713470458984375,MaoDan,240815,1072,250
16,"[10000. 10000. 10000. 10000. 10000. 10000. 10000. 10000. 10000. 10000.
 10000. 10000. 10000. 10000. 10000. 10000. 10000. 10000. 10000. 10000.
 10000. 10000. 10000. 10000. 10000. 10000. 10000. 10000. 10000. 10000.
 10000. 10000. 10000. 10000. 10000. 10000. 10000. 10000. 10000. 10000.
 10000. 10000. 10000. 10000. 10000. 10000. 10000. 10000. 10000. 10000.
 10000. 10000. 10000. 10000. 10000. 10000. 10000. 10000. 10000. 10000.
 10000. 10000. 10000. 10000. 10000. 10000. 10000. 10000. 10000. 10000.
 10000. 10000. 10000. 10000. 10000. 10000. 10000. 10000. 10000. 10000.
 10000. 10000. 10000. 10000. 10000. 10000. 10000. 10000. 10000. 10000.
 10000. 10000. 10000. 10000. 10000. 10000. 10000. 10000. 10000. 10000.
 10000. 10000. 10000. 10000. 10000. 10000. 10000. 10000. 10000. 10000.
 10000. 10000. 10000. 10000. 10000. 10000. 10000. 10000. 10000. 10000.
 10000. 10000. 10000. 10000. 10000. 10000. 10000. 10000. 10000. 10000.
 10000. 10000. 10000. 10000. 10000. 10000. 10000. 10000. 10000. 10000.
 10000. 10000. 10000. 10000. 10000. 10000. 10000. 10000. 10000. 10000.
 10000. 10000. 10000. 10000. 10000. 10000. 10000. 10000. 10000. 10000.
 10000. 10000. 10000. 10000. 10000. 10000. 10000. 10000. 10000. 10000.
 10000. 10000. 10000. 10000. 10000. 10000. 10000. 10000. 10000. 10000.
 10000. 10000. 10000. 10000. 10000. 10000. 10000. 10000. 10000. 10000.
 10000. 10000. 10000. 10000. 10000. 10000. 10000. 10000. 10000. 10000.
 10000. 10000. 10000. 10000. 10000. 10000. 10000. 10000. 10000. 10000.
 10000. 10000. 10000. 10000. 10000. 10000. 10000. 10000. 10000. 10000.
 10000. 10000. 10000. 10000. 10000. 10000. 10000. 10000. 10000. 10000.
 10000. 10000. 10000. 10000. 10000. 10000. 10000. 10000. 10000. 10000.
 10000. 10000. 10000. 10000. 10000. 10000. 10000. 10000. 10000. 10000.]",0.05654295476492281,-0.0282782198650122,64,0.02894139289855957,ZhuangZhuang,240817,1072,250
17,"[10000. 10000. 10000. 10000. 10000. 10000. 10000. 10000. 10000. 10000.
 10000. 10000. 10000. 10000. 10000. 10000. 10000. 10000. 10000. 10000.
 10000. 10000. 10000. 10000. 10000. 10000. 10000. 10000. 10000. 10000.
 10000. 10000. 10000. 10000. 10000. 10000. 10000. 10000. 10000. 10000.
 10000. 10000. 10000. 10000. 10000. 10000. 10000. 10000. 10000. 10000.
 10000. 10000. 10000. 10000. 10000. 10000. 10000. 10000. 10000. 10000.
 10000. 10000. 10000. 10000. 10000. 10000. 10000. 10000. 10000. 10000.
 10000. 10000. 10000. 10000. 10000. 10000. 10000. 10000. 10000. 10000.
 10000. 10000. 10000. 10000. 10000. 10000. 10000. 10000. 10000. 10000.
 10000. 10000. 10000. 10000. 10000. 10000. 10000. 10000. 10000. 10000.
 10000. 10000. 10000. 10000. 10000. 10000. 10000. 10000. 10000. 10000.
 10000. 10000. 10000. 10000. 10000. 10000. 10000. 10000. 10000. 10000.
 10000. 10000. 10000. 10000. 10000. 10000. 10000. 10000. 10000. 10000.
 10000. 10000. 10000. 10000. 10000. 10000. 10000. 10000. 10000. 10000.
 10000. 10000. 10000. 10000. 10000. 10000. 10000. 10000. 10000. 10000.
 10000. 10000. 10000. 10000. 10000. 10000. 10000. 10000. 10000. 10000.
 10000. 10000. 10000. 10000. 10000. 10000. 10000. 10000. 10000. 10000.
 10000. 10000. 10000. 10000. 10000. 10000. 10000. 10000. 10000. 10000.
 10000. 10000. 10000. 10000. 10000. 10000. 10000. 10000. 10000. 10000.
 10000. 10000. 10000. 10000. 10000. 10000. 10000. 10000. 10000. 10000.
 10000. 10000. 10000. 10000. 10000. 10000. 10000. 10000. 10000. 10000.
 10000. 10000. 10000. 10000. 10000. 10000. 10000. 10000. 10000. 10000.
 10000. 10000. 10000. 10000. 10000. 10000. 10000. 10000. 10000. 10000.
 10000. 10000. 10000. 10000. 10000. 10000. 10000. 10000. 10000. 10000.
 10000. 10000. 10000. 10000. 10000. 10000. 10000. 10000. 10000. 10000.]",0.079331269663631,-0.0336524531400453,128,0.039115190505981445,ZhuangZhuang,240817,1072,250
18,"[10000. 10000. 10000. 10000. 10000. 10000. 10000. 10000. 10000. 10000.
 10000. 10000. 10000. 10000. 10000. 10000. 10000. 10000. 10000. 10000.
 10000. 10000. 10000. 10000. 10000. 10000. 10000. 10000. 10000. 10000.
 10000. 10000. 10000. 10000. 10000. 10000. 10000. 10000. 10000. 10000.
 10000. 10000. 10000. 10000. 10000. 10000. 10000. 10000. 10000. 10000.
 10000. 10000. 10000. 10000. 10000. 10000. 10000. 10000. 10000. 10000.
 10000. 10000. 10000. 10000. 10000. 10000. 10000. 10000. 10000. 10000.
 10000. 10000. 10000. 10000. 10000. 10000. 10000. 10000. 10000. 10000.
 10000. 10000. 10000. 10000. 10000. 10000. 10000. 10000. 10000. 10000.
 10000. 10000. 10000. 10000. 10000. 10000. 10000. 10000. 10000. 10000.
 10000. 10000. 10000. 10000. 10000. 10000. 10000. 10000. 10000. 10000.
 10000. 10000. 10000. 10000. 10000. 10000. 10000. 10000. 10000. 10000.
 10000. 10000. 10000. 10000. 10000. 10000. 10000. 10000. 10000. 10000.
 10000. 10000. 10000. 10000. 10000. 10000. 10000. 10000. 10000. 10000.
 10000. 10000. 10000. 10000. 10000. 10000. 10000. 10000. 10000. 10000.
 10000. 10000. 10000. 10000. 10000. 10000. 10000. 10000. 10000. 10000.
 10000. 10000. 10000. 10000. 10000. 10000. 10000. 10000. 10000. 10000.
 10000. 10000. 10000. 10000. 10000. 10000. 10000. 10000. 10000. 10000.
 10000. 10000. 10000. 10000. 10000. 10000. 10000. 10000. 10000. 10000.
 10000. 10000. 10000. 10000. 10000. 10000. 10000. 10000. 10000. 10000.
 10000. 10000. 10000. 10000. 10000. 10000. 10000. 10000. 10000. 10000.
 10000. 10000. 10000. 10000. 10000. 10000. 10000. 10000. 10000. 10000.
 10000. 10000. 10000. 10000. 10000. 10000. 10000. 10000. 10000. 10000.
 10000. 10000. 10000. 10000. 10000. 10000. 10000. 10000. 10000. 10000.
 10000. 10000. 10000. 10000. 10000. 10000. 10000. 10000. 10000. 10000.]",0.07936577721365387,-0.03365132977763501,256,0.07130265235900879,ZhuangZhuang,240817,1072,250
19,"[10000. 10000. 10000. 10000. 10000. 10000. 10000. 10000. 10000. 10000.
 10000. 10000. 10000. 10000. 10000. 10000. 10000. 10000. 10000. 10000.
 10000. 10000. 10000. 10000. 10000. 10000. 10000. 10000. 10000. 10000.
 10000. 10000. 10000. 10000. 10000. 10000. 10000. 10000. 10000. 10000.
 10000. 10000. 10000. 10000. 10000. 10000. 10000. 10000. 10000. 10000.
 10000. 10000. 10000. 10000. 10000. 10000. 10000. 10000. 10000. 10000.
 10000. 10000. 10000. 10000. 10000. 10000. 10000. 10000. 10000. 10000.
 10000. 10000. 10000. 10000. 10000. 10000. 10000. 10000. 10000. 10000.
 10000. 10000. 10000. 10000. 10000. 10000. 10000. 10000. 10000. 10000.
 10000. 10000. 10000. 10000. 10000. 10000. 10000. 10000. 10000. 10000.
 10000. 10000. 10000. 10000. 10000. 10000. 10000. 10000. 10000. 10000.
 10000. 10000. 10000. 10000. 10000. 10000. 10000. 10000. 10000. 10000.
 10000. 10000. 10000. 10000. 10000. 10000. 10000. 10000. 10000. 10000.
 10000. 10000. 10000. 10000. 10000. 10000. 10000. 10000. 10000. 10000.
 10000. 10000. 10000. 10000. 10000. 10000. 10000. 10000. 10000. 10000.
 10000. 10000. 10000. 10000. 10000. 10000. 10000. 10000. 10000. 10000.
 10000. 10000. 10000. 10000. 10000. 10000. 10000. 10000. 10000. 10000.
 10000. 10000. 10000. 10000. 10000. 10000. 10000. 10000. 10000. 10000.
 10000. 10000. 10000. 10000. 10000. 10000. 10000. 10000. 10000. 10000.
 10000. 10000. 10000. 10000. 10000. 10000. 10000. 10000. 10000. 10000.
 10000. 10000. 10000. 10000. 10000. 10000. 10000. 10000. 10000. 10000.
 10000. 10000. 10000. 10000. 10000. 10000. 10000. 10000. 10000. 10000.
 10000. 10000. 10000. 10000. 10000. 10000. 10000. 10000. 10000. 10000.
 10000. 10000. 10000. 10000. 10000. 10000. 10000. 10000. 10000. 10000.
 10000. 10000. 10000. 10000. 10000. 10000. 10000. 10000. 10000. 10000.]",0.0794177289418648,-0.033649872466686104,1024,0.27163124084472656,ZhuangZhuang,240817,1072,250
