,,alpha,train_score,test_score,n_feat,runtime,monkey,date,n_images_total,n_units_total
cnn_features_pca64,RidgeCV,"[10000. 10000. 10000. 10000. 10000. 10000. 10000. 10000. 10000. 10000.
 10000. 10000. 10000. 10000. 10000. 10000. 10000. 10000. 10000. 10000.
 10000. 10000. 10000. 10000. 10000. 10000. 10000. 10000. 10000. 10000.
 10000. 10000. 10000. 10000. 10000. 10000. 10000. 10000. 10000. 10000.
 10000. 10000. 10000. 10000. 10000. 10000. 10000. 10000. 10000. 10000.
 10000. 10000. 10000. 10000. 10000. 10000. 10000. 10000. 10000. 10000.
 10000. 10000. 10000. 10000. 10000. 10000. 10000. 10000. 10000. 10000.
 10000. 10000. 10000. 10000. 10000. 10000. 10000. 10000. 10000. 10000.
 10000. 10000. 10000. 10000. 10000. 10000. 10000. 10000. 10000. 10000.
 10000. 10000. 10000. 10000. 10000. 10000. 10000. 10000. 10000. 10000.
 10000. 10000. 10000. 10000. 10000. 10000. 10000. 10000. 10000. 10000.
 10000. 10000. 10000. 10000. 10000. 10000. 10000. 10000. 10000. 10000.
 10000. 10000. 10000. 10000. 10000. 10000. 10000. 10000. 10000. 10000.
 10000. 10000. 10000. 10000. 10000. 10000. 10000. 10000. 10000. 10000.
 10000. 10000. 10000. 10000. 10000. 10000. 10000. 10000. 10000. 10000.
 10000. 10000. 10000. 10000. 10000. 10000. 10000. 10000. 10000. 10000.
 10000. 10000. 10000. 10000. 10000. 10000. 10000. 10000. 10000. 10000.
 10000. 10000. 10000. 10000. 10000. 10000. 10000. 10000. 10000. 10000.
 10000. 10000. 10000. 10000. 10000. 10000. 10000. 10000. 10000. 10000.
 10000. 10000. 10000. 10000. 10000. 10000. 10000. 10000. 10000. 10000.
 10000. 10000. 10000. 10000. 10000. 10000. 10000. 10000. 10000. 10000.
 10000. 10000. 10000. 10000. 10000. 10000. 10000. 10000. 10000. 10000.
 10000. 10000. 10000. 10000. 10000. 10000. 10000. 10000. 10000. 10000.
 10000. 10000. 10000. 10000. 10000. 10000. 10000. 10000. 10000. 10000.
 10000. 10000. 10000. 10000. 10000. 10000. 10000. 10000. 10000. 10000.]",0.05578521514425628,-0.025142419087036242,64,0.02913355827331543,MaoDan,240815,1072,250
cnn_features_pca128,RidgeCV,"[10000. 10000. 10000. 10000. 10000. 10000. 10000. 10000. 10000. 10000.
 10000. 10000. 10000. 10000. 10000. 10000. 10000. 10000. 10000. 10000.
 10000. 10000. 10000. 10000. 10000. 10000. 10000. 10000. 10000. 10000.
 10000. 10000. 10000. 10000. 10000. 10000. 10000. 10000. 10000. 10000.
 10000. 10000. 10000. 10000. 10000. 10000. 10000. 10000. 10000. 10000.
 10000. 10000. 10000. 10000. 10000. 10000. 10000. 10000. 10000. 10000.
 10000. 10000. 10000. 10000. 10000. 10000. 10000. 10000. 10000. 10000.
 10000. 10000. 10000. 10000. 10000. 10000. 10000. 10000. 10000. 10000.
 10000. 10000. 10000. 10000. 10000. 10000. 10000. 10000. 10000. 10000.
 10000. 10000. 10000. 10000. 10000. 10000. 10000. 10000. 10000. 10000.
 10000. 10000. 10000. 10000. 10000. 10000. 10000. 10000. 10000. 10000.
 10000. 10000. 10000. 10000. 10000. 10000. 10000. 10000. 10000. 10000.
 10000. 10000. 10000. 10000. 10000. 10000. 10000. 10000. 10000. 10000.
 10000. 10000. 10000. 10000. 10000. 10000. 10000. 10000. 10000. 10000.
 10000. 10000. 10000. 10000. 10000. 10000. 10000. 10000. 10000. 10000.
 10000. 10000. 10000. 10000. 10000. 10000. 10000. 10000. 10000. 10000.
 10000. 10000. 10000. 10000. 10000. 10000. 10000. 10000. 10000. 10000.
 10000. 10000. 10000. 10000. 10000. 10000. 10000. 10000. 10000. 10000.
 10000. 10000. 10000. 10000. 10000. 10000. 10000. 10000. 10000. 10000.
 10000. 10000. 10000. 10000. 10000. 10000. 10000. 10000. 10000. 10000.
 10000. 10000. 10000. 10000. 10000. 10000. 10000. 10000. 10000. 10000.
 10000. 10000. 10000. 10000. 10000. 10000. 10000. 10000. 10000. 10000.
 10000. 10000. 10000. 10000. 10000. 10000. 10000. 10000. 10000. 10000.
 10000. 10000. 10000. 10000. 10000. 10000. 10000. 10000. 10000. 10000.
 10000. 10000. 10000. 10000. 10000. 10000. 10000. 10000. 10000. 10000.]",0.07839099010572906,-0.0288943044316504,128,0.03965187072753906,MaoDan,240815,1072,250
cnn_features_pca256,RidgeCV,"[10000. 10000. 10000. 10000. 10000. 10000. 10000. 10000. 10000. 10000.
 10000. 10000. 10000. 10000. 10000. 10000. 10000. 10000. 10000. 10000.
 10000. 10000. 10000. 10000. 10000. 10000. 10000. 10000. 10000. 10000.
 10000. 10000. 10000. 10000. 10000. 10000. 10000. 10000. 10000. 10000.
 10000. 10000. 10000. 10000. 10000. 10000. 10000. 10000. 10000. 10000.
 10000. 10000. 10000. 10000. 10000. 10000. 10000. 10000. 10000. 10000.
 10000. 10000. 10000. 10000. 10000. 10000. 10000. 10000. 10000. 10000.
 10000. 10000. 10000. 10000. 10000. 10000. 10000. 10000. 10000. 10000.
 10000. 10000. 10000. 10000. 10000. 10000. 10000. 10000. 10000. 10000.
 10000. 10000. 10000. 10000. 10000. 10000. 10000. 10000. 10000. 10000.
 10000. 10000. 10000. 10000. 10000. 10000. 10000. 10000. 10000. 10000.
 10000. 10000. 10000. 10000. 10000. 10000. 10000. 10000. 10000. 10000.
 10000. 10000. 10000. 10000. 10000. 10000. 10000. 10000. 10000. 10000.
 10000. 10000. 10000. 10000. 10000. 10000. 10000. 10000. 10000. 10000.
 10000. 10000. 10000. 10000. 10000. 10000. 10000. 10000. 10000. 10000.
 10000. 10000. 10000. 10000. 10000. 10000. 10000. 10000. 10000. 10000.
 10000. 10000. 10000. 10000. 10000. 10000. 10000. 10000. 10000. 10000.
 10000. 10000. 10000. 10000. 10000. 10000. 10000. 10000. 10000. 10000.
 10000. 10000. 10000. 10000. 10000. 10000. 10000. 10000. 10000. 10000.
 10000. 10000. 10000. 10000. 10000. 10000. 10000. 10000. 10000. 10000.
 10000. 10000. 10000. 10000. 10000. 10000. 10000. 10000. 10000. 10000.
 10000. 10000. 10000. 10000. 10000. 10000. 10000. 10000. 10000. 10000.
 10000. 10000. 10000. 10000. 10000. 10000. 10000. 10000. 10000. 10000.
 10000. 10000. 10000. 10000. 10000. 10000. 10000. 10000. 10000. 10000.
 10000. 10000. 10000. 10000. 10000. 10000. 10000. 10000. 10000. 10000.]",0.07842575384711595,-0.028893727400079786,256,0.07143712043762207,MaoDan,240815,1072,250
cnn_features_sp_avg,RidgeCV,"[10000. 10000. 10000. 10000. 10000. 10000. 10000. 10000. 10000. 10000.
 10000. 10000. 10000. 10000. 10000. 10000. 10000. 10000. 10000. 10000.
 10000. 10000. 10000. 10000. 10000. 10000. 10000. 10000. 10000. 10000.
 10000. 10000. 10000. 10000. 10000. 10000. 10000. 10000. 10000. 10000.
 10000. 10000. 10000. 10000. 10000. 10000. 10000. 10000. 10000. 10000.
 10000. 10000. 10000. 10000. 10000. 10000. 10000. 10000. 10000. 10000.
 10000. 10000. 10000. 10000. 10000. 10000. 10000. 10000. 10000. 10000.
 10000. 10000. 10000. 10000. 10000. 10000. 10000. 10000. 10000. 10000.
 10000. 10000. 10000. 10000. 10000. 10000. 10000. 10000. 10000. 10000.
 10000. 10000. 10000. 10000. 10000. 10000. 10000. 10000. 10000. 10000.
 10000. 10000. 10000. 10000. 10000. 10000. 10000. 10000. 10000. 10000.
 10000. 10000. 10000. 10000. 10000. 10000. 10000. 10000. 10000. 10000.
 10000. 10000. 10000. 10000. 10000. 10000. 10000. 10000. 10000. 10000.
 10000. 10000. 10000. 10000. 10000. 10000. 10000. 10000. 10000. 10000.
 10000. 10000. 10000. 10000. 10000. 10000. 10000. 10000. 10000. 10000.
 10000. 10000. 10000. 10000. 10000. 10000. 10000. 10000. 10000. 10000.
 10000. 10000. 10000. 10000. 10000. 10000. 10000. 10000. 10000. 10000.
 10000. 10000. 10000. 10000. 10000. 10000. 10000. 10000. 10000. 10000.
 10000. 10000. 10000. 10000. 10000. 10000. 10000. 10000. 10000. 10000.
 10000. 10000. 10000. 10000. 10000. 10000. 10000. 10000. 10000. 10000.
 10000. 10000. 10000. 10000. 10000. 10000. 10000. 10000. 10000. 10000.
 10000. 10000. 10000. 10000. 10000. 10000. 10000. 10000. 10000. 10000.
 10000. 10000. 10000. 10000. 10000. 10000. 10000. 10000. 10000. 10000.
 10000. 10000. 10000. 10000. 10000. 10000. 10000. 10000. 10000. 10000.
 10000. 10000. 10000. 10000. 10000. 10000. 10000. 10000. 10000. 10000.]",0.0784779053491272,-0.028892373258039058,1024,0.2713470458984375,MaoDan,240815,1072,250
